{
  "jsonKey": "th-TH",
  "search": {
    "a2": "ชัดเจน",
    "a5": "กรอง",
    "a6": "วันที่",
    "a12": "รายการซื้อขาย",
    "a13": "กรุณาเลือกรายการซื้อขาย",
    "a14": "ทิศทางการซื้อขาย",
    "a15": "โปรดเลือกทิศทางการซื้อขาย",
    "a16": "ซื้อ",
    "a17": "ขาย",
    "a18": "Isolated Margin",
    "a19": "กรุณาเลือกประเภท",
    "a23": "วันที่ลงทะเบียน",
    "a30": "จำนวนเงินฝาก",
    "a31": "รายการ",
    "a33": "สถานะ",
    "a34": "Leverage",
    "a35": "Spread"
  },
  "overallOverview": {
    "a81": "รายการซื้อขาย",
    "a73": "ทิศทางการซื้อขาย",
    "a20": "วันที่ลงทะเบียน",
    "a79": "สถานะ",
    "a84": "Leverage",
    "a69": "เลขที่ใบสั่งซื้อ",
    "a77": "ชื่อจริง",
    "a78": "เบอร์มือถือ",
    "a86": "หมายเหตุ",
    "a75": "วิธีการถอนเงิน",
    "a1": "ภาพรวม",
    "a54": "เวลาเปิด",
    "a55": "อัพเดทเวลา",
    "a60": "ราคาซื้อขาย",
    "a61": "ราคาปิด",
    "a62": "ค่ากำไรหรือขาดทุนทั้งหมด",
    "a65": "ค่าธรรมเนียมค้างคืน",
    "a66": "เวลาสั่งซื้อ",
    "a67": "เวลาทำรายการ",
    "a68": "เวลาปิด",
    "a70": "Take Profit",
    "a71": "Stop Loss",
    "a72": "ราคาเปิด",
    "a74": "ปริมาณธุรกรรม (ล็อต)",
    "a76": "ประเทศ",
    "a80": "ประเภท",
    "a82": "เครื่องหมาย",
    "a87": "มาร์จิ้น"
  },
  "transactionItemList": {
    "a3": "รายการซื้อขาย",
    "a2": "สถานะ",
    "a10": "Leverage",
    "a5": "เครื่องหมาย",
    "a9": "เลเวอเรจปัจจุบัน",
    "a15": "เวลาเริ่มต้น",
    "a17": "เวลาการซื้อขาย",
    "a18": "ขนาดสัญญา",
    "a22": "ตำแหน่งเปิดสูงสุด",
    "a32": "สัญญาบังคับชำระบัญชี",
    "a34": "โปรดเลือกสถานะ",
    "a38": "เวลาสิ้นสุด",
    "b6": "อาชีพ",
    "b4": "ที่อยู่"
  },
  "userManagement": {
    "a23": "วันที่ลงทะเบียน",
    "a19": "สถานะ",
    "a103": "Spread",
    "a17": "ชื่อจริง",
    "a20": "เบอร์มือถือ",
    "a49": "หมายเหตุ",
    "a96": "วิธีการถอนเงิน",
    "a72": "ภาพรวม",
    "a18": "ประเทศ",
    "a95": "จำนวนครั้งที่สามารถถอนเงินภายใน 24 ชั่วโมง",
    "a94": "จำนวนครั้งที่สามารถถอนเงินฟรีภายใน 24 ชั่วโมง",
    "a11": "ไม่ผ่านการอนุมัติ",
    "a15": "การตั้งค่าการซื้อขาย",
    "a29": "ชื่อภาษาอังกฤษ",
    "a31": "อาชีพ",
    "a32": "ที่อยู่",
    "a33": "สถานะการจ้างงาน",
    "a34": "รายได้",
    "a35": "ความมั่งคั่งทั้งหมด",
    "a36": "แหล่งรายได้และความมั่งคั่ง",
    "a37": "เหตุผลในการเปิดบัญชี",
    "a38": "ประสบการณ์การเทรด",
    "a46": "หมายเลขบัญชี",
    "a74": "กำไร/ขาดทุนลอยตัว",
    "a77": "อัตรากำไรขั้นต้นที่มีอยู่",
    "a78": "ยอดเงินฝาก",
    "a79": "ยอดถอนทั้งหมด",
    "a107": "ค่าธรรมเนียม",
    "b1": "อีเมล"
  },
  "depositWithdrawalManagement": {
    "a31": "จำนวนเงินฝาก",
    "a4": "เลขที่ใบสั่งซื้อ",
    "a7": "ชื่อจริง",
    "a8": "เบอร์มือถือ",
    "a15": "หมายเหตุ",
    "a41": "วิธีการถอนเงิน",
    "a11": "ประเทศ",
    "a89": "จำนวนครั้งที่สามารถถอนเงินภายใน 24 ชั่วโมง",
    "a90": "จำนวนครั้งที่สามารถถอนเงินฟรีภายใน 24 ชั่วโมง",
    "a72": "ค่าธรรมเนียม",
    "a16": "ค้างชำระ",
    "a18": "ล้มเหลว",
    "a19": "อยู่ระหว่างการตรวจสอบ",
    "a44": "การตรวจสอบล้มเหลว",
    "a47": "กำลังประมวลผล"
  },
  "setting": {
    "state": "สถานะ",
    "email": "อีเมล",
    "orderList": "รายการสั่งซื้อ"
  },
  "riskWarning": {
    "realName": "ชื่อจริง",
    "openingTime": "เวลาเปิด",
    "closingTime": "เวลาปิด",
    "country": "ประเทศ"
  },
  " transactionItemList": {
    "b2": "ชื่อจริง",
    "b1": "ประเทศ",
    "b3": "ชื่อภาษาอังกฤษ",
    "b7": "สถานะการจ้างงาน",
    "b10": "รายได้",
    "b11": "ความมั่งคั่งทั้งหมด",
    "b9": "เหตุผลในการเปิดบัญชี",
    "b8": "ประสบการณ์การเทรด"
  },
  "common": {
    "logout": "ออกจากระบบ",
    "add": "เพิ่ม",
    "edit": "แก้ไข",
    "delete": "ลบ",
    "save": "บันทึก",
    "cancel": "ยกเลิก",
    "selectAll": "เลือกทั้งหมด",
    "modifySuccess": "แก้ไขเรียบร้อยแล้ว",
    "addSuccess": "เพิ่มเรียบร้อยแล้ว",
    "deleteSuccess": "ลบเรียบร้อยแล้ว"
  },
  "unknown": {
    "a6": "ยังไม่ได้ตั้งค่า",
    "a39": "ภาษา"
  }
}