{
  "jsonKey": "vn-VN",
  "search": {
    "a2": "Thanh trừ",
    "a5": "Sàng lọc",
    "a6": "Ngày tháng",
    "a12": "Hạng mục giao dịch",
    "a13": "Vui lòng chọn hạng mục giao dịch",
    "a14": "Hướng giao dịch",
    "a15": "Vui lòng chọn phương hướng giao dịch",
    "a16": "Mua vào",
    "a17": "Bán ra",
    "a18": "Vị thế giao dịch",
    "a19": "Vui lòng chọn loại hình",
    "a23": "Thời gian đăng ký",
    "a30": "Số nhập tiền",
    "a31": "Loại",
    "a33": "Trạng thái",
    "a34": "Đòn bẩy",
    "a35": "Giá chênh lệch"
  },
  "overallOverview": {
    "a81": "Hạng mục giao dịch",
    "a73": "Hướng giao dịch",
    "a20": "Thời gian đăng ký",
    "a79": "Trạng thái",
    "a84": "Đòn bẩy",
    "a69": "Số Đơn đặt hàng",
    "a77": "Họ tên thực",
    "a78": "Số điện thoại di động",
    "a86": "Ghi chú",
    "a75": "Phương thức xuất tiền",
    "a1": "Tổng quan",
    "a54": "Thời gian mất một vị trí",
    "a55": "Thời gian cập nhật",
    "a60": "Giá cả giao dịch",
    "a61": "Giá vị thế thanh lý",
    "a62": "Tổng lãi lỗ",
    "a65": "Phí qua đêm",
    "a66": "Thời gian chốt Đơn",
    "a67": "Thời gian giao dịch thành công",
    "a68": "Thời gian vị thế thanh lý",
    "a70": "Chốt lãi",
    "a71": "Chốt lỗ",
    "a72": "Giá mất một vị trí",
    "a74": "Số lượng giao dịch (lượt)",
    "a76": "Quốc gia",
    "a80": "Loại hình",
    "a82": "Mã số",
    "a87": "Tiền bảo lãnh"
  },
  "transactionItemList": {
    "a3": "Hạng mục giao dịch",
    "a2": "Trạng thái",
    "a10": "Đòn bẩy",
    "a5": "Mã số",
    "a9": "Đòn bẩy hiện tại",
    "a15": "Thời gian bắt đầu",
    "a17": "Thời điểm giao dịch",
    "a18": "Quy mô Hợp đồng",
    "a22": "Tổng số lượng vị thế để ngõ tối đa",
    "a32": "Cưỡng chế thanh lý theo Hợp đồng",
    "a34": "Vui lòng chọn trạng thái",
    "a38": "Thời gian kết thúc",
    "b6": "Nghề nghiệp",
    "b4": "Địa chỉ"
  },
  "userManagement": {
    "a23": "Thời gian đăng ký",
    "a19": "Trạng thái",
    "a103": "Giá chênh lệch",
    "a17": "Họ tên thực",
    "a20": "Số điện thoại di động",
    "a49": "Ghi chú",
    "a96": "Phương thức xuất tiền",
    "a72": "Tổng quan",
    "a18": "Quốc gia",
    "a95": "Số lần có thể xuất tiền 24 giờ",
    "a94": "Số lần xuất tiền miễn phí 24 giờ",
    "a11": "Chưa thẩm hạch",
    "a15": "Thiết lập giao dịch",
    "a29": "Họ tên tiếng Anh",
    "a31": "Nghề nghiệp",
    "a32": "Địa chỉ",
    "a33": "Trạng thái việc làm",
    "a34": "Thu nhập",
    "a35": "Tổng tài sản",
    "a36": "Nguồn thu nhập và tài sản",
    "a37": "Nguyên nhân mở tài khoản",
    "a38": "Kinh nghiệm giao dịch",
    "a46": "Số tài khoản",
    "a74": "Lãi lỗ biến đổi",
    "a77": "Tiền bảo lãnh có thể sử dụng",
    "a78": "Tổng số nhập tiền",
    "a79": "Tổng số xuất tiền",
    "a107": "Phí thực hiện",
    "b1": "Email"
  },
  "depositWithdrawalManagement": {
    "a31": "Số nhập tiền",
    "a4": "Số Đơn đặt hàng",
    "a7": "Họ tên thực",
    "a8": "Số điện thoại di động",
    "a15": "Ghi chú",
    "a41": "Phương thức xuất tiền",
    "a11": "Quốc gia",
    "a89": "Số lần có thể xuất tiền 24 giờ",
    "a90": "Số lần xuất tiền miễn phí 24 giờ",
    "a72": "Phí thực hiện",
    "a16": "Chưa thanh toán",
    "a18": "Không thành công",
    "a19": "Đang thẩm hạch",
    "a44": "Thẩm hạch không thành công",
    "a47": "Đang xử lý"
  },
  "setting": {
    "state": "Trạng thái",
    "email": "Email",
    "orderList": "Bảng liệt kê Đơn đặt hàng"
  },
  "riskWarning": {
    "realName": "Họ tên thực",
    "openingTime": "Thời gian mất một vị trí",
    "closingTime": "Thời gian vị thế thanh lý",
    "country": "Quốc gia"
  },
  " transactionItemList": {
    "b2": "Họ tên thực",
    "b1": "Quốc gia",
    "b3": "Họ tên tiếng Anh",
    "b7": "Trạng thái việc làm",
    "b10": "Thu nhập",
    "b11": "Tổng tài sản",
    "b9": "Nguyên nhân mở tài khoản",
    "b8": "Kinh nghiệm giao dịch"
  },
  "common": {
    "logout": "Đăng xuất",
    "add": "Thêm mới",
    "edit": "Biên tập",
    "delete": "Xóa bỏ",
    "save": "Lưu",
    "cancel": "Hủy bỏ",
    "selectAll": "Chọn toàn bộ",
    "modifySuccess": "Sửa đổi thành công",
    "addSuccess": "Thêm mới thành công",
    "deleteSuccess": "Xóa thành công"
  }
}