{
  "jsonKey": "zh_TW",
  "search": {
    "a1": "搜尋",
    "a2": "清除",
    "a3": "其他篩選條件",
    "a4": "清除所有篩選條件",
    "a5": "篩選",
    "a6": "日期",
    "a7": "起始日期",
    "a8": "結束日期",
    "a9": "請選擇國家",
    "a10": "請輸入姓名來搜尋",
    "a11": "交易數量",
    "a12": "交易品項",
    "a13": "請選擇交易品項",
    "a14": "交易方向",
    "a15": "請選擇交易方向",
    "a16": "買入",
    "a17": "賣出",
    "a18": "逐倉",
    "a19": "請選擇類型",
    "a20": "請輸入用戶編號來搜尋",
    "a21": "請輸入手機號碼來搜尋",
    "a22": "驗證狀態",
    "a23": "註冊時間",
    "a24": "總入金金額",
    "a25": "總交易金額",
    "a26": "代理推薦碼",
    "a27": "用戶標籤",
    "a28": "請輸入姓名、手機號碼來搜尋",
    "a29": "入金方式",
    "a30": "入金金額",
    "a31": "品種",
    "a32": "標籤",
    "a33": "狀態",
    "a34": "槓桿",
    "a35": "點差",
    "a36": "請輸入貨幣名稱",
    "a37": "請輸入貨幣兌"
  },
  "overallOverview": {
    "a81": "交易品項",
    "a73": "交易方向",
    "a20": "註冊時間",
    "a11": "入金方式",
    "a79": "狀態",
    "a84": "槓桿",
    "a69": "訂單號",
    "a77": "真實姓名",
    "a78": "手機號碼",
    "a86": "備註",
    "a75": "出金方式",
    "a1": "總覽",
    "a2": "通知中心",
    "a3": "待審核入金",
    "a4": "待審核出金",
    "a5": "待審核身份認證",
    "a6": "待審核出金帳戶",
    "a7": "風險警告",
    "a8": "入金狀態",
    "a9": "用戶編號",
    "a10": "入金金額(美金)",
    "a12": "申請時間",
    "a13": "動作",
    "a14": "待審核",
    "a15": "出金狀態",
    "a16": "出金金額(美金)",
    "a17": "其他資訊",
    "a18": "電子郵件",
    "a19": "用戶層級",
    "a21": "無資料",
    "a22": "刷新倒數{參數}秒",
    "a23": "總表",
    "a24": "委託概況",
    "a25": "持倉概況",
    "a26": "平倉概況",
    "a27": "出入金概況",
    "a28": "總委託單數",
    "a29": "最新委託",
    "a30": "總單數",
    "a31": "總持倉數量",
    "a32": "平均盈虧",
    "a33": "最新開倉",
    "a34": "平倉單數",
    "a35": "總平倉數量(手)",
    "a36": "最新平倉",
    "a37": "申請筆數",
    "a38": "審核筆數",
    "a39": "總金額",
    "a40": "最新申請",
    "a41": "交易報表",
    "a42": "委託報表",
    "a43": "持倉列表",
    "a44": "平倉列表",
    "a45": "出入金報表",
    "a46": "委託價格",
    "a47": "委託期限",
    "a48": "委託時間",
    "a49": "客戶端IP",
    "a50": "現在價格",
    "a51": "目前盈虧",
    "a52": "強制平倉",
    "a53": "強制平倉後，該使用者會依照當前的價格進行結算，可能會影響到使用者\n的交易內容，且該行為無法復原。\\n\\n\n確定要強制平倉該使用者的持倉嗎？",
    "a54": "開倉時間",
    "a55": "更新時間",
    "a57": "更新細節",
    "a58": "調整止{參數}價格 由{參數}調整成{參數}",
    "a59": "平倉類型",
    "a60": "成交價格",
    "a61": "平倉價格",
    "a62": "總盈虧",
    "a63": "佣金",
    "a64": "利息",
    "a65": "隔夜費",
    "a66": "下單時間",
    "a67": "成交時間",
    "a68": "平倉時間",
    "a70": "止盈",
    "a71": "止損",
    "a72": "開倉價格",
    "a74": "交易數量 (手)",
    "a76": "國家",
    "a80": "類型",
    "a82": "代號",
    "a87": "保證金",
    "a88": "整體總覽"
  },
  "transactionItemList": {
    "a3": "交易品項",
    "a7": "標籤",
    "a2": "狀態",
    "a10": "槓桿",
    "a5": "代號",
    "a1": "交易品項列表",
    "a4": "品名解釋",
    "a6": "交易所",
    "a9": "當前槓桿",
    "a11": "點差(買)",
    "a12": "點差(賣)",
    "a13": "滑價",
    "a14": "單邊最大數量",
    "a15": "開始時間",
    "a16": "到期時間",
    "a17": "交易時段",
    "a18": "契約規模",
    "a19": "最小波動單位",
    "a20": "最小單筆交易數量",
    "a21": "最大單筆交易數量",
    "a22": "最大總持倉數量",
    "a23": "買入隔夜費",
    "a24": "賣出隔夜費",
    "a25": "隔夜費收取時間",
    "a26": "掛單距離",
    "a27": "停止交易",
    "a28": "可交易",
    "a29": "關閉交易",
    "a30": "週",
    "a31": "重啟交易",
    "a32": "合約強平",
    "a33": "請選擇標籤",
    "a34": "請選擇狀態",
    "a35": "請選擇槓桿",
    "a36": "請選擇星期",
    "a37": "起始時間",
    "a38": "結束時間",
    "a39": "停止交易將會使新的交易只能使用掛單方式下單，目前已經持倉的交易部會受到影響。\\n\\n\n確定要停止交易嗎?",
    "a40": "關閉交易會使該商品從前台下架，無法被使用者下單。\\n\\n\n目前已經持倉的交易將會全數被強平。\\n\\n\n確定要關閉交易嗎?",
    "a41": "重啟交易後，該商品將可以再次被使用者下單。\\n\\n\n請檢查品項設定無誤後再重啟交易。\\n\\n\n確定要重啟交易嗎?",
    "a42": "因更換合約，要把全部持倉都清空\\n\\n\n可能會導致用戶的交易受到影響。\\n\\n\n確定要合約強平嗎?",
    "a43": "確定要刪除產品嗎?",
    "b6": "職業",
    "b4": "地址"
  },
  "userManagement": {
    "a23": "註冊時間",
    "a25": "代理推薦碼",
    "a91": "入金方式",
    "a19": "狀態",
    "a103": "點差",
    "a17": "真實姓名",
    "a20": "手機號碼",
    "a49": "備註",
    "a96": "出金方式",
    "a72": "總覽",
    "a16": "用戶編號",
    "a113": "動作",
    "a9": "待審核",
    "a21": "電子郵件",
    "a84": "用戶層級",
    "a18": "國家",
    "a95": "24小時可出金次數",
    "a94": "24小時免費出金次數",
    "a1": "用戶管理",
    "a2": "用戶列表",
    "a3": "出金帳戶狀態",
    "a4": "重設密碼",
    "a5": "封鎖用戶",
    "a6": "通過審核",
    "a7": "已驗證",
    "a8": "未審核",
    "a10": "已封鎖",
    "a11": "未過審",
    "a12": "客戶資料",
    "a13": "用戶資料",
    "a14": "交易詳情",
    "a15": "交易設定",
    "a22": "所屬層級",
    "a24": "註冊來源",
    "a26": "邀請碼",
    "a27": "已邀請用戶數",
    "a28": "標籤列表",
    "a86": "標籤列表",
    "a29": "英文姓名",
    "a30": "證件號碼",
    "a31": "職業",
    "a32": "地址",
    "a33": "就業狀態",
    "a34": "收入",
    "a35": "總財富",
    "a36": "收入與財富來源",
    "a37": "開戶原因",
    "a38": "交易經驗",
    "a39": "開戶時間",
    "a40": "身份證明文件正面",
    "a41": "身份證明文件反面",
    "a42": "身份證明文件2",
    "a43": "手持證件自拍",
    "a44": "種類",
    "a45": "銀行代碼",
    "a46": "帳號",
    "a47": "戶名",
    "a48": "附加檔案",
    "a50": "鎖定",
    "a51": "審核駁回",
    "a52": "編輯用戶資料",
    "a53": "確定要將這用戶駁回審核?",
    "a54": "確定要將這用戶通過審核?",
    "a56": "解除封鎖",
    "a57": "確定要解除封鎖該用戶嗎？\\n\\n\n解除封鎖用戶後，該用戶將可以重新登入並進行交易",
    "a58": "重置該用戶的密碼，系統將會主動發送一封重置密碼確認信件，引導用戶重新設定新密碼。\\n\\n\n重設密碼後，原本的密碼將無法使用，確定要重設密碼嗎？",
    "a59": "確定要封鎖該用戶嗎？\n封鎖用戶後，該用戶將無法登入、並進行交易，直到您再次解除封鎖。",
    "a60": "封鎖",
    "a61": "確認審核",
    "a62": "通過出金帳戶",
    "a63": "確定要通過這用戶出金帳戶審核？",
    "a64": "拒絕出金帳戶",
    "a65": "拒絕該帳戶的審核，將會導致用戶無法使用該帳戶出金。如用戶需要使用該帳戶出金，則需再次申請。\\n\\n\n請填寫拒絕的原因:",
    "a66": "請輸入拒絕原因",
    "a67": "拒絕審核",
    "a68": "刪除出金帳戶",
    "a69": "刪除該帳戶，將會導致用戶無法使用該帳戶出金。如用戶需要使用該帳戶出金，則需再次申請。\\n\\n\n確定要刪除出金帳戶嗎？",
    "a71": "出金帳戶附加檔案",
    "a73": "交易細節",
    "a74": "浮動盈虧",
    "a75": "佔用保證金",
    "a76": "佔用保證金(含盈虧)",
    "a77": "可用保證金",
    "a78": "入金總額",
    "a79": "出金總額",
    "a80": "資金淨值",
    "a81": "延遲時間",
    "a83": "點差及手續費設定",
    "a85": "用戶層級列表",
    "a87": "出入金相關",
    "a88": "首次最低入金額度",
    "a89": "最低入金額度",
    "a90": "人工審核額度",
    "a92": "入金手續費",
    "a93": "單筆最低取款金額",
    "a97": "出金手續費",
    "a98": "強制平倉設定",
    "a99": "平日收盤前強平比例",
    "a100": "假日收盤前強平比例",
    "a101": "平時強平比例",
    "a102": "即將平倉通知比例",
    "a104": "延遲下單時間",
    "a105": "單筆交易手續費",
    "a106": "高於",
    "a107": "手續費",
    "a108": "如欲調整比例及數字，請前往個別頁面設定。",
    "a109": "查看更多",
    "a110": "標籤名稱",
    "a111": "目前貼標人數",
    "a112": "新增時間",
    "a114": "選擇入金方式(可複選)",
    "a115": "選擇出金方式(可複選)",
    "a116": "已成功解除封鎖該用戶",
    "b1": "Email",
    "registerNotificationSystem": "註冊及通知系統"
  },
  "setting": {
    "userTag": "用戶標籤",
    "state": "狀態",
    "IdVerificationPending": "待審核身份認證",
    "pendingAuditWithdrawalAccount": "待審核出金帳戶",
    "action": "動作",
    "userLevel": "用戶層級",
    "commissionOverview": "委託概況",
    "positionOverview": "持倉概況",
    "transactionStatement": "交易報表",
    "positionList": "持倉列表",
    "depositWithdrawalReport": "出入金報表",
    "userManagement": "用戶管理",
    "resetPassword": "重設密碼",
    "unblock": "解除封鎖",
    "blockade": "封鎖",
    "deleteWithdrawalAccount": "刪除出金帳戶",
    "manualFillIn": "人工補入",
    "depositMethodList": "入金方式列表",
    "depositAmountSetting": "入金額度設定",
    "withdrawalMethodList": "出金方式列表",
    "title": "一般設定",
    "staffList": "後台人員列表",
    "permissionGroupSettings": "權限群組設定",
    "OperationRecord": "操作記錄",
    "languageSettings": "多國語言設定",
    "name": "姓名",
    "permissionGroup": "權限群組",
    "email": "Email",
    "lastLoginTime": "最近登入時間",
    "description": "描述",
    "disableLogin": "禁止登入",
    "restoreLogin": "恢復登入",
    "editPermissionRoles": "編輯權限角色",
    "addPermissionRole": "新增權限角色",
    "sendEMailSuccess": "已送出邀請信件，請於信箱內確認",
    "canLogin": "可登入",
    "disabled": "未啟用",
    "setNewPwd": "設定新密碼",
    "pwdStrengthError": "密碼強度不足，請至少輸入 {min} 個字元",
    "notMatchPwd": "密碼不符合",
    "disabledMemberLogin": "已禁止該成員登入",
    "disabledMemberLoginTip": "禁止登入後，成員將無法使用原帳號密碼登入，但其擁有的權限不會消失，將於恢復登入後還原。\n\n確定要禁止該成員登入嗎?",
    "enableMemberLogin": "已恢復該成員的登入權限",
    "enableMemberLoginTip": "恢復登入後，成員將可以使用原帳號密碼登入，其擁有的權限將會一併還原。\n\n確定要恢復該成員的登入權限嗎?",
    "groupName": "群組名稱",
    "addPermissionGroup": "新增權限群組",
    "accountManagement": "帳號管理",
    "authorityManagement": "權限管理",
    "paymentManagement": "支付管理",
    "productManagement": "產品管理",
    "exchangeRateCurrencySettings": "匯率與貨幣設定",
    "riskWarningManagement": "風險警告管理",
    "registerNotificationSystem": "註冊及通知系統",
    "read": "讀取",
    "list": "列表",
    "update": "更新",
    "functionList": "功能列表",
    "countryList": "國家列表",
    "addCountry": "新增國家",
    "updateCountry": "更新國家",
    "paymentSourceInformation": "支付來源資訊",
    "depositSourceList": "入金來源列表",
    "withdrawalSourceList": "出金來源列表",
    "addDepositSource": "新增入金來源",
    "addWithdrawalSource": "新增出金來源",
    "updatePaymentSources": "更新支付來源列表",
    "withdrawalNumber": "出金次數設定",
    "addDepositMethod": "新增入金方式",
    "addWithdrawalMethod": "新增出金方式",
    "updateDepositWithdrawalMethod": "更新出入金方式",
    "deleteDepositWithdrawalMethod": "刪除出入金方式",
    "orderList": "訂單列表",
    "lockOrder": "鎖定訂單",
    "reviewConfirmed": "審核確定",
    "withdrawalAudit": "出金審核",
    "availableWithdrawalChannels": "出金訂單可用通道列表",
    "modifyDepositOrder": "入金訂單修改金額",
    "forcedLiquidationSettings": "強平平倉設定",
    "information": "資訊",
    "audit": "審核",
    "withdrawalAccountsList": "出金帳戶列表",
    "auditWithdrawalAccount": "審核出金帳戶",
    "establish": "建立",
    "currencyList": "貨幣列表",
    "exchangeRateList": "匯率列表",
    "addExchangeRate": "新增匯率",
    "updateExchangeRate": "更新匯率",
    "noteOrder": "備註訂單",
    "pendingOrderList": "掛單列表",
    "closedPositionList": "已平倉列表",
    "getRiskEarningSettings": "取得風險警告設定",
    "modifyRiskEarningSettings": "修改風險警告設定",
    "addedHandlingFee": "手續費新增",
    "editingFee": "手續費編輯",
    "feeList": "手續費列表",
    "deleteFee": "手續費刪除",
    "closedPositionOverview": "已平倉概況",
    "getFrequentDeals": "取得頻繁交易",
    "getProfitException": "取得獲利異常",
    "tweakEnabled": "調整啟用",
    "editContent": "編輯內容",
    "noticeSeriesList": "通知語系列表"
  },
  "depositWithdrawalManagement": {
    "a10": "入金方式",
    "a31": "入金金額",
    "a4": "訂單號",
    "a7": "真實姓名",
    "a8": "手機號碼",
    "a15": "備註",
    "a41": "出金方式",
    "a5": "入金狀態",
    "a6": "用戶編號",
    "a9": "入金金額(美金)",
    "a12": "申請時間",
    "a73": "動作",
    "a39": "出金狀態",
    "a40": "出金金額(美金)",
    "a42": "其他資訊",
    "a27": "無資料",
    "a11": "國家",
    "a94": "週",
    "a89": "24小時可出金次數",
    "a90": "24小時免費出金次數",
    "a74": "所屬層級",
    "a102": "銀行代碼",
    "a23": "鎖定",
    "a63": "首次最低入金額度",
    "a64": "最低入金額度",
    "a65": "人工審核額度",
    "a91": "單筆最低取款金額",
    "a72": "手續費",
    "a25": "人工補入",
    "a59": "入金方式列表",
    "a61": "入金額度設定",
    "a86": "出金方式列表",
    "a1": "出入金管理",
    "a2": "入金列表",
    "a3": "刷新倒數 {參數} 秒",
    "a13": "操作時間",
    "a14": "回調時間",
    "a16": "未支付",
    "a17": "已支付",
    "a18": "失敗",
    "a19": "審核中",
    "a20": "入金時間",
    "a21": "鎖定人員",
    "a22": "鎖定時間",
    "a24": "審核確認",
    "a26": "調整金額",
    "a28": "人工補入金額",
    "a29": "選擇人工補入之後，系統將會重新確認該使用者的匯款資訊，並重新更新匯款狀態。\\n\\n\n若使用者有確實匯款，也會一併更新帳戶餘額的顯示內容。\\n\\n\n確定要人工補入嗎?",
    "a30": "請輸入使用者的匯款金額，並再次確認使用者確實有匯入該筆款項。",
    "a32": "確定要調整金額嗎?",
    "a33": "入金審核確認",
    "a34": "確定要審核該使用者的入金嗎?\\n\\n入金後無法取消或反悔，請再次確認金額無誤。",
    "a35": "審核入金",
    "a36": "請填寫備註",
    "a37": "送出",
    "a38": "出金列表",
    "a43": "資金退回",
    "a44": "審核失敗",
    "a45": "出金完成",
    "a47": "處理中",
    "a48": "支付時間",
    "a49": "拒絕",
    "a50": "出金審核確認",
    "a51": "確定要審核該使用者的出金嗎?\\n\\n\n出金後無法取消或反悔，請再次確認金額無誤。",
    "a52": "出金金額",
    "a53": "請選擇出金通道",
    "a75": "請選擇出金通道",
    "a54": "審核出金",
    "a55": "拒絕出金",
    "a56": "確定要拒絕該用戶得出金嗎?\\n\\n\n請填寫拒絕出金的原因，以便用戶後續再次申請。",
    "a57": "入金設定",
    "a58": "額度手續費設定",
    "a60": "入金通道設定",
    "a62": "幣值",
    "a66": "手續費設定",
    "a67": "規則",
    "a68": "高於等於",
    "a69": "手續費規則",
    "a70": "固定金額",
    "a71": "比例",
    "a76": "開放之用戶層級",
    "a77": "顯示名稱",
    "a78": "單筆最小額度",
    "a79": "單筆最大額度",
    "a80": "沒有你想要的支付方式?",
    "a81": "通道名稱",
    "a82": "通道代碼",
    "a83": "接口域名",
    "a84": "出金設定",
    "a85": "出金次數＆手續費設定",
    "a87": "出金通道設定",
    "a88": "出金次數",
    "a92": "單筆最高取款金額",
    "a93": "出金時間",
    "a95": "時間",
    "a96": "低於",
    "a97": "公司帳戶設定",
    "a98": "帳戶列表",
    "a99": "順位",
    "a100": "帳戶名稱",
    "a101": "帳戶",
    "a103": "修改公司帳戶",
    "a104": "帳號順位",
    "a105": "帳戶號碼"
  },
  "riskWarning": {
    "realName": "真實姓名",
    "title": "風險警告",
    "userID": "用戶編號",
    "action": "動作",
    "openingTime": "開倉時間",
    "closingTime": "平倉時間",
    "country": "國家",
    "blockUser": "封鎖用戶",
    "block": "封鎖",
    "frequentTransactions": "頻繁交易",
    "abnormalProfit": "盈利異常",
    "sameIP": "同IP帳號",
    "riskWarningSettings": "風險警告設定",
    "phone": "手機",
    "productName": "商品名稱",
    "intervalSeconds": "間隔秒數",
    "checkDetails": "查看詳情",
    "blockUserSuccess": "已成功封鎖該用戶",
    "blockUserTip": "確定要封鎖該用戶嗎？\n\n封鎖用戶後，該用戶將無法登入、並進行交易，直到您再次解除封鎖。",
    "totalProfit": "總盈利金額",
    "totalTradeCount": "總交易筆數",
    "profitTradePercent": "盈利交易佔比",
    "latestClosingTime": "最新平倉時間",
    "frequentTransactionNotifications": "頻繁交易通知",
    "profitAbnormalNotice": "盈利異常通知",
    "sameIpNotification": "同IP帳號通知",
    "userOpenPositionClosed": "當使用者於開倉後{second}秒內平倉",
    "totalProfitMore": "總盈利金額大於{value}",
    "and": "且",
    "or": "或",
    "a1": "盈利筆數佔比大於{percent}%",
    "ownedSameIP": "同一IP擁有{count}個帳號"
  },
  " transactionItemList": {
    "b2": "真實姓名",
    "b1": "國家",
    "b3": "英文姓名",
    "b7": "就業狀態",
    "b10": "收入",
    "b11": "總財富",
    "b9": "開戶原因",
    "b8": "交易經驗"
  },
  "paramManagement": {
    "action": "動作",
    "tradingList": "交易品項列表",
    "weekdayMarketCloseRate": "平日收盤前強平比例",
    "holidayCloseRate": "假日收盤前強平比例",
    "weekdayCloseRate": "平時強平比例",
    "ClosePositionRate": "即將平倉通知比例",
    "exchangeRateCurrencySettings": "匯率與貨幣設定",
    "forcedLiquidationSettings": "強平平倉設定",
    "currencyList": "貨幣列表",
    "title": "參數管理",
    "achievement": "成就階級任務",
    "eventSettings": "活動設定",
    "marginSetting": "保證金設定",
    "forcedLiquidationLimit": "達到強制平倉額度的",
    "closeCheckTime": "收盤前檢查時間",
    "minute": "分鐘",
    "forcedLiquidationSettingsRemark": "備註：\n1.當帳戶餘額低於保證金，將會強制平倉。強制平倉通知相關設定，請前往通知設定查看。\n\n2.如欲設定不同層級用戶的保證金額度比例，請前往用戶層級調整。",
    "exchangeRateSetting": "匯率設定",
    "currencyName": "貨幣名稱",
    "currencyPair": "貨幣兌",
    "withdrawalExchangeRate": "取款兌換率",
    "depositExchangeRate": "存款兌換率",
    "createdTime": "建立時間",
    "lastUpdateTime": "最後更新時間",
    "currency": "貨幣",
    "wantExchangeCurrency": "欲兌換貨幣"
  },
  "common": {
    "empty": "無資料",
    "send": "送出",
    "lastPublishedTime": "上次發布時間",
    "release": "發布",
    "logout": "登出",
    "cancelAll": "全部關閉",
    "add": "新增",
    "edit": "編輯",
    "delete": "刪除",
    "save": "儲存",
    "cancel": "取消",
    "totalCount": "共{count}筆",
    "pageCount": "{count}筆/頁",
    "go": "前往",
    "page": "頁",
    "requiredField": "欄位為必填",
    "requiredField2": "必填欄位",
    "selectAll": "全選",
    "modifySuccess": "修改成功",
    "addSuccess": "新增成功",
    "deleteSuccess": "刪除成功"
  },
  "unknown": {
    "a1": "啟用",
    "a2": "信件類型",
    "a3": "APP",
    "a4": "簡訊",
    "a5": "設定完成",
    "a6": "尚未設定",
    "a7": "無內容",
    "a8": "通知語系",
    "a9": "通知系統",
    "a10": "需要填寫內容才能啟用/開啟方式",
    "a11": "信件標題",
    "a12": "信件預覽",
    "a13": "信件內容",
    "a14": "APP通知以及簡訊內容",
    "a15": "預覽",
    "a16": "假期休市",
    "a17": "實名驗證設定",
    "a18": "預設",
    "a19": "入金驗證",
    "a20": "出金驗證",
    "a21": "步驟一：個人資料驗證",
    "a22": "步驟二：文件驗證",
    "a23": "身份證明文件 (正面)",
    "a24": "身份證明文件 (反面)",
    "a25": "步驟三：證明身份",
    "a26": "證明身份(包含上傳圖片)",
    "a27": "步驟四：證明身份2",
    "a28": "證明身份2(包含上傳圖片)",
    "a29": "開放語言",
    "a30": "前台用戶可以看到並選擇的語言，每新增一種語言，則需要填寫\n 下方列表的翻譯內容，否則將以預設語言顯示。",
    "a31": "預設語言",
    "a32": "開放語言(可複選)",
    "a33": "編輯語言",
    "a34": "語言對應表",
    "a35": "未選取的地區，將以預設語言顯示。",
    "a36": "新增國家語言",
    "a37": "新增語系",
    "a38": "對應地區",
    "a39": "語言",
    "a40": "刪除該語言對應後，該地區的使用者將會轉為預設語言。\n 已建立的翻譯不會消失，如需要再次呈現該語言，請再重新新增一次。\n 確定要刪除「{參數} /{參數}」"
  }
}