{
  "jsonKey": "zh-CN",
  "search": {
    "a2": "清除",
    "a5": "筛选",
    "a6": "日期",
    "a12": "交易品项",
    "a13": "请选择交易品项",
    "a14": "交易方向",
    "a15": "请选择交易方向",
    "a16": "买入",
    "a17": "卖出",
    "a18": "逐仓",
    "a19": "请选择类型",
    "a23": "注册时间",
    "a30": "入金金额",
    "a31": "品种",
    "a33": "状态",
    "a34": "杠杆",
    "a35": "点差"
  },
  "overallOverview": {
    "a81": "交易品项",
    "a73": "交易方向",
    "a20": "注册时间",
    "a79": "状态",
    "a84": "杠杆",
    "a69": "订单号",
    "a77": "真实姓名",
    "a78": "手机号码",
    "a86": "备注",
    "a75": "出金方式",
    "a1": "总览",
    "a54": "开仓时间",
    "a55": "更新时间",
    "a60": "成交价格",
    "a61": "平仓价格",
    "a62": "总盈亏",
    "a65": "隔夜费",
    "a66": "下单时间",
    "a67": "成交时间",
    "a68": "平仓时间",
    "a70": "止盈",
    "a71": "止损",
    "a72": "开仓价格",
    "a74": "交易数量 (手)",
    "a76": "国家",
    "a80": "类型",
    "a82": "代号",
    "a87": "保证金"
  },
  "transactionItemList": {
    "a3": "交易品项",
    "a2": "状态",
    "a10": "杠杆",
    "a5": "代号",
    "a9": "当前杠杆",
    "a15": "开始时间",
    "a17": "交易时段",
    "a18": "契约规模",
    "a22": "最大总持仓数量",
    "a32": "合约强平",
    "a34": "请选择状态",
    "a38": "结束时间",
    "b6": "职业",
    "b4": "地址"
  },
  "userManagement": {
    "a23": "注册时间",
    "a19": "状态",
    "a103": "点差",
    "a17": "真实姓名",
    "a20": "手机号码",
    "a49": "备注",
    "a96": "出金方式",
    "a72": "总览",
    "a18": "国家",
    "a95": "24小时可出金次数",
    "a94": "24小时免费出金次数",
    "a11": "未过审",
    "a15": "交易设定",
    "a29": "英文姓名",
    "a30": "证件号码",
    "a31": "职业",
    "a32": "地址",
    "a33": "就业状态",
    "a34": "收入",
    "a35": "总财富",
    "a36": "收入与财富来源",
    "a37": "开户原因",
    "a38": "交易经验",
    "a46": "帐号",
    "a74": "浮动盈亏",
    "a78": "入金总额",
    "a79": "出金总额",
    "b1": "Email"
  },
  "depositWithdrawalManagement": {
    "a31": "入金金额",
    "a4": "订单号",
    "a7": "真实姓名",
    "a8": "手机号码",
    "a15": "备注",
    "a41": "出金方式",
    "a11": "国家",
    "a89": "24小时可出金次数",
    "a90": "24小时免费出金次数",
    "a16": "未支付",
    "a19": "审核中",
    "a43": "资金退回"
  },
  "setting": {
    "state": "状态",
    "email": "Email",
    "orderList": "订单列表"
  },
  "riskWarning": {
    "realName": "真实姓名",
    "openingTime": "开仓时间",
    "closingTime": "平仓时间",
    "country": "国家"
  },
  " transactionItemList": {
    "b2": "真实姓名",
    "b1": "国家",
    "b3": "英文姓名",
    "b7": "就业状态",
    "b10": "收入",
    "b11": "总财富",
    "b9": "开户原因",
    "b8": "交易经验"
  },
  "common": {
    "logout": "登出",
    "add": "新增",
    "edit": "编辑",
    "delete": "删除",
    "save": "储存",
    "cancel": "取消",
    "selectAll": "全选",
    "modifySuccess": "修改成功",
    "addSuccess": "新增成功",
    "deleteSuccess": "删除成功"
  }
}